Japanese	English
	"What are your plans once Dhaos
is gone and you return home?"	
	Well, that's easy enough.	
	*They'll* see my vengeful side.	
	Wh-What?	
	"I'll drop in on those academy hardheads who
rejected my summoning artes and give them a"	
	"very personal demonstration of Origin's power.
That should brighten my mood. Mwahahaha..."	
	H-hey! A-Are you serious!?	
	"No, I'm kidding. I'd really like to compile
my findings from this journey for a thesis."	
	But I think I'm due a little...vacation first.	
